{"cameraMode":{"drawMode":0,"name":"Shaded","section":"Shading Mode"},"sceneLighting":true,"audioPlay":false,"sceneViewState":{"m_AlwaysRefresh":false,"showFog":true,"showSkybox":true,"showFlares":true,"showImageEffects":true,"showParticleSystems":true,"showVisualEffectGraphs":true,"m_FxEnabled":true},"in2DMode":false,"pivot":{"x":4.770176410675049,"y":2.4225244522094728,"z":21.46366310119629},"rotation":{"x":-0.3058296740055084,"y":0.001996832201257348,"z":-0.0006416091346181929,"w":-0.9520867466926575},"size":9.992500305175782,"orthographic":false}